-1.3705728637173809,-1.3705728637173809,-1.3705728637173809,-1.3705728637173809,-1.3705728637173809,-1.3705728637173809,-1.3705728637173809,-1.3705728637173809,-1.3705728637173809,-1.3705728637173809,-1.3705728637173809,-1.3705728637173809,-1.3705728637173809,-1.3705728637173809,-1.3705728637173809,1.3705728637173809,-1.337764767086321,-1.304956670455261,-1.2721485738242013,-1.2393404771931413,-1.2065323805620816,-1.1737242839310218,-1.1409161872999618,-1.108108090668902,-1.075299994037842,-1.0424918974067823,-1.0096838007757225,-0.9768757041446626,-0.9440676075136027,-0.911259510882543,-0.8784514142514831,-0.8456433176204232,-0.8128352209893633,-0.7800271243583035,-0.7472190277272437,-0.7144109310961838,-0.6816028344651239,-0.6487947378340642,-0.6159866412030043,-0.5831785445719444,0.5503704479408845,-0.5503704479408845,-0.5503704479408845,-0.5503704479408845,-0.5503704479408845,-0.5503704479408845,-0.5503704479408845,-0.5503704479408845,-0.5503704479408845,-0.5503704479408845,-0.5503704479408845,-0.5503704479408845,-0.5503704479408845,-0.5503704479408845,-0.5503704479408845,-0.5503704479408845,1
-0.1354216972192455,-0.1354216972192455,-0.1354216972192455,-0.1354216972192455,-0.1354216972192455,-0.1354216972192455,-0.1354216972192455,-0.1354216972192455,-0.1354216972192455,-0.1354216972192455,-0.1354216972192455,-0.1354216972192455,-0.1354216972192455,-0.1354216972192455,-0.1354216972192455,0.1354216972192455,-0.12613118579529142,-0.11684067437133737,-0.1075501629473833,-0.09825965152342925,-0.08896914009947518,-0.07967862867552111,-0.07038811725156706,-0.06109760582761299,-0.051807094403658924,-0.04251658297970487,-0.0332260715557508,-0.023935560131796735,-0.014645048707842681,-0.005354537283888627,0.00393597414006544,0.013226485564019508,0.022516996987973575,0.03180750841192764,0.04109801983588168,0.05038853125983575,0.05967904268378982,0.06896955410774389,0.07826006553169795,0.08755057695565202,-0.09684108837960607,0.09684108837960607,0.09684108837960607,0.09684108837960607,0.09684108837960607,0.09684108837960607,0.09684108837960607,0.09684108837960607,0.09684108837960607,0.09684108837960607,0.09684108837960607,0.09684108837960607,0.09684108837960607,0.09684108837960607,0.09684108837960607,0.09684108837960607,1
0.15330043942300148,0.15330043942300148,0.15330043942300148,0.15330043942300148,0.15330043942300148,0.15330043942300148,0.15330043942300148,0.15330043942300148,0.15330043942300148,0.15330043942300148,0.15330043942300148,0.15330043942300148,0.15330043942300148,0.15330043942300148,0.15330043942300148,-0.15330043942300148,0.14068215355385555,0.12806386768470962,0.1154455818155637,0.10282729594641779,0.09020901007727186,0.07759072420812593,0.06497243833898002,0.05235415246983409,0.03973586660068816,0.027117580731542246,0.014499294862396317,0.0018810089932503882,-0.01073727687589554,-0.02335556274504144,-0.03597384861418737,-0.0485921344833333,-0.06121042035247923,-0.07382870622162516,-0.08644699209077106,-0.09906527795991699,-0.11168356382906292,-0.12430184969820884,-0.13692013556735477,-0.1495384214365007,0.16215670730564666,-0.16215670730564666,-0.16215670730564666,-0.16215670730564666,-0.16215670730564666,-0.16215670730564666,-0.16215670730564666,-0.16215670730564666,-0.16215670730564666,-0.16215670730564666,-0.16215670730564666,-0.16215670730564666,-0.16215670730564666,-0.16215670730564666,-0.16215670730564666,-0.16215670730564666,1
0.4723344777184862,0.4723344777184862,0.4723344777184862,0.4723344777184862,0.4723344777184862,0.4723344777184862,0.4723344777184862,0.4723344777184862,0.4723344777184862,0.4723344777184862,0.4723344777184862,0.4723344777184862,0.4723344777184862,0.4723344777184862,0.4723344777184862,-0.4723344777184862,0.45563649834232106,0.43893851896615593,0.4222405395899908,0.4055425602138257,0.38884458083766055,0.3721466014614955,0.35544862208533035,0.3387506427091652,0.3220526633330001,0.30535468395683496,0.28865670458066983,0.2719587252045047,0.2552607458283396,0.23856276645217445,0.22186478707600932,0.2051668076998442,0.18846882832367906,0.17177084894751393,0.1550728695713488,0.13837489019518368,0.12167691081901855,0.10497893144285342,0.08828095206668829,0.07158297269052322,-0.054884993314358116,0.054884993314358116,0.054884993314358116,0.054884993314358116,0.054884993314358116,0.054884993314358116,0.054884993314358116,0.054884993314358116,0.054884993314358116,0.054884993314358116,0.054884993314358116,0.054884993314358116,0.054884993314358116,0.054884993314358116,0.054884993314358116,0.054884993314358116,1
-1.2779030426899731,-1.2779030426899731,-1.2779030426899731,-1.2779030426899731,-1.2779030426899731,-1.2779030426899731,-1.2779030426899731,-1.2779030426899731,-1.2779030426899731,-1.2779030426899731,-1.2779030426899731,-1.2779030426899731,-1.2779030426899731,-1.2779030426899731,-1.2779030426899731,1.2779030426899731,-1.28229941858277,-1.2866957944755673,-1.2910921703683642,-1.2954885462611614,-1.2998849221539583,-1.3042812980467555,-1.3086776739395525,-1.3130740498323497,-1.3174704257251466,-1.3218668016179436,-1.3262631775107407,-1.3306595534035377,-1.3350559292963349,-1.3394523051891318,-1.343848681081929,-1.348245056974726,-1.352641432867523,-1.35703780876032,-1.361434184653117,-1.3658305605459142,-1.3702269364387112,-1.3746233123315084,-1.3790196882243053,-1.3834160641171025,1.3878124400098995,-1.3878124400098995,-1.3878124400098995,-1.3878124400098995,-1.3878124400098995,-1.3878124400098995,-1.3878124400098995,-1.3878124400098995,-1.3878124400098995,-1.3878124400098995,-1.3878124400098995,-1.3878124400098995,-1.3878124400098995,-1.3878124400098995,-1.3878124400098995,-1.3878124400098995,1
1.483050850063388,1.483050850063388,1.483050850063388,1.483050850063388,1.483050850063388,1.483050850063388,1.483050850063388,1.483050850063388,1.483050850063388,1.483050850063388,1.483050850063388,1.483050850063388,1.483050850063388,1.483050850063388,1.483050850063388,-1.483050850063388,1.4723728672292193,1.4616948843950506,1.4510169015608818,1.440338918726713,1.429660935892544,1.4189829530583753,1.4083049702242065,1.3976269873900378,1.386949004555869,1.3762710217217002,1.3655930388875315,1.3549150560533627,1.344237073219194,1.333559090385025,1.3228811075508562,1.3122031247166874,1.3015251418825187,1.29084715904835,1.2801691762141811,1.2694911933800124,1.2588132105458434,1.2481352277116746,1.2374572448775059,1.226779262043337,-1.2161012792091683,1.2161012792091683,1.2161012792091683,1.2161012792091683,1.2161012792091683,1.2161012792091683,1.2161012792091683,1.2161012792091683,1.2161012792091683,1.2161012792091683,1.2161012792091683,1.2161012792091683,1.2161012792091683,1.2161012792091683,1.2161012792091683,1.2161012792091683,1
0.03020138069044538,0.03020138069044538,0.03020138069044538,0.03020138069044538,0.03020138069044538,0.03020138069044538,0.03020138069044538,0.03020138069044538,0.03020138069044538,0.03020138069044538,0.03020138069044538,0.03020138069044538,0.03020138069044538,0.03020138069044538,0.03020138069044538,-0.03020138069044538,0.05354070622387494,0.0768800317573045,0.10021935729073406,0.12355868282416362,0.14689800835759317,0.17023733389102275,0.1935766594244523,0.21691598495788184,0.24025531049131138,0.263594636024741,0.2869339615581705,0.31027328709160007,0.3336126126250296,0.3569519381584592,0.38029126369188876,0.4036305892253183,0.42696991475874785,0.4503092402921774,0.473648565825607,0.49698789135903654,0.5203272168924661,0.5436665424258957,0.5670058679593253,0.5903451934927548,-0.6136845190261844,0.6136845190261844,0.6136845190261844,0.6136845190261844,0.6136845190261844,0.6136845190261844,0.6136845190261844,0.6136845190261844,0.6136845190261844,0.6136845190261844,0.6136845190261844,0.6136845190261844,0.6136845190261844,0.6136845190261844,0.6136845190261844,0.6136845190261844,1
-1.9805549490786165,-1.9805549490786165,-1.9805549490786165,-1.9805549490786165,-1.9805549490786165,-1.9805549490786165,-1.9805549490786165,-1.9805549490786165,-1.9805549490786165,-1.9805549490786165,-1.9805549490786165,-1.9805549490786165,-1.9805549490786165,-1.9805549490786165,-1.9805549490786165,1.9805549490786165,-1.9769464397009728,-1.9733379303233292,-1.9697294209456857,-1.966120911568042,-1.9625124021903984,-1.9589038928127547,-1.955295383435111,-1.9516868740574675,-1.9480783646798239,-1.9444698553021802,-1.9408613459245365,-1.9372528365468928,-1.9336443271692494,-1.9300358177916057,-1.926427308413962,-1.9228187990363184,-1.9192102896586747,-1.9156017802810312,-1.9119932709033876,-1.9083847615257439,-1.9047762521481002,-1.9011677427704565,-1.897559233392813,-1.8939507240151694,1.8903422146375257,-1.8903422146375257,-1.8903422146375257,-1.8903422146375257,-1.8903422146375257,-1.8903422146375257,-1.8903422146375257,-1.8903422146375257,-1.8903422146375257,-1.8903422146375257,-1.8903422146375257,-1.8903422146375257,-1.8903422146375257,-1.8903422146375257,-1.8903422146375257,-1.8903422146375257,1
1.5528348800049487,1.5528348800049487,1.5528348800049487,1.5528348800049487,1.5528348800049487,1.5528348800049487,1.5528348800049487,1.5528348800049487,1.5528348800049487,1.5528348800049487,1.5528348800049487,1.5528348800049487,1.5528348800049487,1.5528348800049487,1.5528348800049487,-1.5528348800049487,1.5129487007569253,1.473062521508902,1.4331763422608785,1.3932901630128551,1.353403983764832,1.3135178045168086,1.2736316252687852,1.2337454460207617,1.1938592667727383,1.153973087524715,1.1140869082766915,1.0742007290286684,1.0343145497806447,0.9944283705326216,0.9545421912845982,0.9146560120365748,0.8747698327885514,0.834883653540528,0.7949974742925047,0.7551112950444813,0.7152251157964579,0.6753389365484346,0.6354527573004112,0.5955665780523878,-0.5556803988043645,0.5556803988043645,0.5556803988043645,0.5556803988043645,0.5556803988043645,0.5556803988043645,0.5556803988043645,0.5556803988043645,0.5556803988043645,0.5556803988043645,0.5556803988043645,0.5556803988043645,0.5556803988043645,0.5556803988043645,0.5556803988043645,0.5556803988043645,1
0.4099873188002029,0.4099873188002029,0.4099873188002029,0.4099873188002029,0.4099873188002029,0.4099873188002029,0.4099873188002029,0.4099873188002029,0.4099873188002029,0.4099873188002029,0.4099873188002029,0.4099873188002029,0.4099873188002029,0.4099873188002029,0.4099873188002029,-0.4099873188002029,0.36724225207443595,0.324497185348669,0.28175211862290206,0.2390070518971351,0.19626198517136814,0.15351691844560117,0.11077185171983422,0.06802678499406728,0.025281718268300335,-0.01746334845746661,-0.060208415183233555,-0.10295348190900055,-0.1456985486347675,-0.18844361536053444,-0.2311886820863014,-0.27393374881206833,-0.3166788155378353,-0.3594238822636022,-0.40216894898936917,-0.4449140157151361,-0.48765908244090306,-0.53040414916667,-0.573149215892437,-0.615894282618204,0.658639349343971,-0.658639349343971,-0.658639349343971,-0.658639349343971,-0.658639349343971,-0.658639349343971,-0.658639349343971,-0.658639349343971,-0.658639349343971,-0.658639349343971,-0.658639349343971,-0.658639349343971,-0.658639349343971,-0.658639349343971,-0.658639349343971,-0.658639349343971,1
-0.9530027138174787,-0.9530027138174787,-0.9530027138174787,-0.9530027138174787,-0.9530027138174787,-0.9530027138174787,-0.9530027138174787,-0.9530027138174787,-0.9530027138174787,-0.9530027138174787,-0.9530027138174787,-0.9530027138174787,-0.9530027138174787,-0.9530027138174787,-0.9530027138174787,0.9530027138174787,-0.8991823023973409,-0.845361890977203,-0.7915414795570652,-0.7377210681369274,-0.6839006567167896,-0.6300802452966516,-0.5762598338765139,-0.522439422456376,-0.4686190110362382,-0.4147985996161003,-0.3609781881959625,-0.3071577767758247,-0.25333736535568685,-0.19951695393554902,-0.1456965425154112,-0.09187613109527337,-0.038055719675135546,0.01576469174500228,0.0695851031651401,0.12340551458527804,0.17722592600541576,0.2310463374255537,0.2848667488456914,0.33868716026582935,-0.39250757168596706,0.39250757168596706,0.39250757168596706,0.39250757168596706,0.39250757168596706,0.39250757168596706,0.39250757168596706,0.39250757168596706,0.39250757168596706,0.39250757168596706,0.39250757168596706,0.39250757168596706,0.39250757168596706,0.39250757168596706,0.39250757168596706,0.39250757168596706,1
-0.09149757632134445,-0.09149757632134445,-0.09149757632134445,-0.09149757632134445,-0.09149757632134445,-0.09149757632134445,-0.09149757632134445,-0.09149757632134445,-0.09149757632134445,-0.09149757632134445,-0.09149757632134445,-0.09149757632134445,-0.09149757632134445,-0.09149757632134445,-0.09149757632134445,0.09149757632134445,-0.09710359764841757,-0.10270961897549069,-0.1083156403025638,-0.11392166162963693,-0.11952768295671004,-0.12513370428378318,-0.13073972561085628,-0.1363457469379294,-0.14195176826500253,-0.14755778959207566,-0.15316381091914877,-0.15876983224622188,-0.16437585357329498,-0.16998187490036812,-0.17558789622744125,-0.18119391755451436,-0.18679993888158747,-0.1924059602086606,-0.19801198153573374,-0.20361800286280685,-0.20922402418987995,-0.21483004551695306,-0.2204360668440262,-0.2260420881710993,0.23164810949817244,-0.23164810949817244,-0.23164810949817244,-0.23164810949817244,-0.23164810949817244,-0.23164810949817244,-0.23164810949817244,-0.23164810949817244,-0.23164810949817244,-0.23164810949817244,-0.23164810949817244,-0.23164810949817244,-0.23164810949817244,-0.23164810949817244,-0.23164810949817244,-0.23164810949817244,1
1.7335365976913069,1.7335365976913069,1.7335365976913069,1.7335365976913069,1.7335365976913069,1.7335365976913069,1.7335365976913069,1.7335365976913069,1.7335365976913069,1.7335365976913069,1.7335365976913069,1.7335365976913069,1.7335365976913069,1.7335365976913069,1.7335365976913069,-1.7335365976913069,1.7238227334936174,1.7141088692959279,1.7043950050982384,1.6946811409005487,1.6849672767028592,1.6752534125051697,1.6655395483074802,1.6558256841097907,1.6461118199121012,1.6363979557144115,1.626684091516722,1.6169702273190325,1.607256363121343,1.5975424989236535,1.587828634725964,1.5781147705282743,1.5684009063305848,1.5586870421328953,1.5489731779352058,1.5392593137375163,1.5295454495398269,1.5198315853421374,1.5101177211444476,1.5004038569467582,-1.4906899927490687,1.4906899927490687,1.4906899927490687,1.4906899927490687,1.4906899927490687,1.4906899927490687,1.4906899927490687,1.4906899927490687,1.4906899927490687,1.4906899927490687,1.4906899927490687,1.4906899927490687,1.4906899927490687,1.4906899927490687,1.4906899927490687,1.4906899927490687,1
-0.6060737853611778,-0.6060737853611778,-0.6060737853611778,-0.6060737853611778,-0.6060737853611778,-0.6060737853611778,-0.6060737853611778,-0.6060737853611778,-0.6060737853611778,-0.6060737853611778,-0.6060737853611778,-0.6060737853611778,-0.6060737853611778,-0.6060737853611778,-0.6060737853611778,0.6060737853611778,-0.6178884581885069,-0.629703131015836,-0.6415178038431651,-0.6533324766704942,-0.6651471494978233,-0.6769618223251523,-0.6887764951524814,-0.7005911679798106,-0.7124058408071396,-0.7242205136344687,-0.7360351864617978,-0.747849859289127,-0.759664532116456,-0.7714792049437851,-0.7832938777711141,-0.7951085505984432,-0.8069232234257724,-0.8187378962531014,-0.8305525690804305,-0.8423672419077596,-0.8541819147350886,-0.8659965875624178,-0.8778112603897468,-0.889625933217076,0.901440606044405,-0.901440606044405,-0.901440606044405,-0.901440606044405,-0.901440606044405,-0.901440606044405,-0.901440606044405,-0.901440606044405,-0.901440606044405,-0.901440606044405,-0.901440606044405,-0.901440606044405,-0.901440606044405,-0.901440606044405,-0.901440606044405,-0.901440606044405,1
-0.8920157222406099,-0.8920157222406099,-0.8920157222406099,-0.8920157222406099,-0.8920157222406099,-0.8920157222406099,-0.8920157222406099,-0.8920157222406099,-0.8920157222406099,-0.8920157222406099,-0.8920157222406099,-0.8920157222406099,-0.8920157222406099,-0.8920157222406099,-0.8920157222406099,0.8920157222406099,-0.900264086926749,-0.9085124516128881,-0.9167608162990273,-0.9250091809851664,-0.9332575456713055,-0.9415059103574446,-0.9497542750435837,-0.9580026397297229,-0.966251004415862,-0.9744993691020011,-0.9827477337881402,-0.9909960984742794,-0.9992444631604185,-1.0074928278465576,-1.0157411925326967,-1.0239895572188358,-1.0322379219049749,-1.040486286591114,-1.048734651277253,-1.0569830159633922,-1.0652313806495315,-1.0734797453356706,-1.0817281100218097,-1.0899764747079488,1.0982248393940879,-1.0982248393940879,-1.0982248393940879,-1.0982248393940879,-1.0982248393940879,-1.0982248393940879,-1.0982248393940879,-1.0982248393940879,-1.0982248393940879,-1.0982248393940879,-1.0982248393940879,-1.0982248393940879,-1.0982248393940879,-1.0982248393940879,-1.0982248393940879,-1.0982248393940879,1
1.3697060288677247,1.3697060288677247,1.3697060288677247,1.3697060288677247,1.3697060288677247,1.3697060288677247,1.3697060288677247,1.3697060288677247,1.3697060288677247,1.3697060288677247,1.3697060288677247,1.3697060288677247,1.3697060288677247,1.3697060288677247,1.3697060288677247,-1.3697060288677247,1.3539538977263665,1.3382017665850081,1.32244963544365,1.3066975043022917,1.2909453731609333,1.275193242019575,1.2594411108782166,1.2436889797368584,1.2279368485955002,1.2121847174541418,1.1964325863127836,1.1806804551714252,1.164928324030067,1.1491761928887088,1.1334240617473503,1.1176719306059921,1.1019197994646337,1.0861676683232755,1.0704155371819173,1.054663406040559,1.0389112748992007,1.0231591437578424,1.007407012616484,0.9916548814751258,-0.9759027503337675,0.9759027503337675,0.9759027503337675,0.9759027503337675,0.9759027503337675,0.9759027503337675,0.9759027503337675,0.9759027503337675,0.9759027503337675,0.9759027503337675,0.9759027503337675,0.9759027503337675,0.9759027503337675,0.9759027503337675,0.9759027503337675,0.9759027503337675,1
-0.49910985191887436,-0.49910985191887436,-0.49910985191887436,-0.49910985191887436,-0.49910985191887436,-0.49910985191887436,-0.49910985191887436,-0.49910985191887436,-0.49910985191887436,-0.49910985191887436,-0.49910985191887436,-0.49910985191887436,-0.49910985191887436,-0.49910985191887436,-0.49910985191887436,0.49910985191887436,-0.467430538197112,-0.4357512244753496,-0.4040719107535872,-0.3723925970318248,-0.34071328331006245,-0.3090339695883001,-0.27735465586653774,-0.24567534214477532,-0.21399602842301296,-0.18231671470125055,-0.1506374009794882,-0.11895808725772583,-0.08727877353596342,-0.05559945981420106,-0.023920146092438643,0.0077591676293237155,0.039438481351086074,0.07111779507284843,0.1027971087946109,0.13447642251637326,0.16615573623813562,0.19783504995989798,0.22951436368166034,0.2611936774034227,-0.29287299112518506,0.29287299112518506,0.29287299112518506,0.29287299112518506,0.29287299112518506,0.29287299112518506,0.29287299112518506,0.29287299112518506,0.29287299112518506,0.29287299112518506,0.29287299112518506,0.29287299112518506,0.29287299112518506,0.29287299112518506,0.29287299112518506,0.29287299112518506,1
-0.5725062000586861,-0.5725062000586861,-0.5725062000586861,-0.5725062000586861,-0.5725062000586861,-0.5725062000586861,-0.5725062000586861,-0.5725062000586861,-0.5725062000586861,-0.5725062000586861,-0.5725062000586861,-0.5725062000586861,-0.5725062000586861,-0.5725062000586861,-0.5725062000586861,0.5725062000586861,-0.5808649948895178,-0.5892237897203495,-0.5975825845511811,-0.6059413793820128,-0.6143001742128444,-0.6226589690436761,-0.6310177638745077,-0.6393765587053394,-0.6477353535361711,-0.6560941483670027,-0.6644529431978343,-0.672811738028666,-0.6811705328594977,-0.6895293276903294,-0.6978881225211611,-0.7062469173519926,-0.7146057121828243,-0.722964507013656,-0.7313233018444876,-0.7396820966753193,-0.7480408915061509,-0.7563996863369826,-0.7647584811678143,-0.773117275998646,0.7814760708294776,-0.7814760708294776,-0.7814760708294776,-0.7814760708294776,-0.7814760708294776,-0.7814760708294776,-0.7814760708294776,-0.7814760708294776,-0.7814760708294776,-0.7814760708294776,-0.7814760708294776,-0.7814760708294776,-0.7814760708294776,-0.7814760708294776,-0.7814760708294776,-0.7814760708294776,1
2.5812860935627255,2.5812860935627255,2.5812860935627255,2.5812860935627255,2.5812860935627255,2.5812860935627255,2.5812860935627255,2.5812860935627255,2.5812860935627255,2.5812860935627255,2.5812860935627255,2.5812860935627255,2.5812860935627255,2.5812860935627255,2.5812860935627255,-2.5812860935627255,2.6137331330569,2.646180172551075,2.6786272120452495,2.711074251539424,2.743521291033599,2.7759683305277734,2.808415370021948,2.840862409516123,2.8733094490102973,2.9057564885044718,2.9382035279986463,2.970650567492821,3.0030976069869957,3.03554464648117,3.067991685975345,3.1004387254695196,3.132885764963694,3.1653328044578686,3.1977798439520435,3.230226883446218,3.262673922940393,3.2951209624345674,3.327568001928742,3.3600150414229164,-3.3924620809170913,3.3924620809170913,3.3924620809170913,3.3924620809170913,3.3924620809170913,3.3924620809170913,3.3924620809170913,3.3924620809170913,3.3924620809170913,3.3924620809170913,3.3924620809170913,3.3924620809170913,3.3924620809170913,3.3924620809170913,3.3924620809170913,3.3924620809170913,1
-0.28152094559781643,-0.28152094559781643,-0.28152094559781643,-0.28152094559781643,-0.28152094559781643,-0.28152094559781643,-0.28152094559781643,-0.28152094559781643,-0.28152094559781643,-0.28152094559781643,-0.28152094559781643,-0.28152094559781643,-0.28152094559781643,-0.28152094559781643,-0.28152094559781643,0.28152094559781643,-0.2812231435254553,-0.28092534145309417,-0.280627539380733,-0.28032973730837185,-0.2800319352360107,-0.2797341331636496,-0.2794363310912884,-0.2791385290189273,-0.27884072694656614,-0.278542924874205,-0.2782451228018438,-0.2779473207294827,-0.27764951865712156,-0.27735171658476043,-0.27705391451239925,-0.2767561124400381,-0.276458310367677,-0.27616050829531585,-0.27586270622295467,-0.27556490415059354,-0.2752671020782324,-0.2749693000058713,-0.2746714979335101,-0.27437369586114896,0.2740758937887878,-0.2740758937887878,-0.2740758937887878,-0.2740758937887878,-0.2740758937887878,-0.2740758937887878,-0.2740758937887878,-0.2740758937887878,-0.2740758937887878,-0.2740758937887878,-0.2740758937887878,-0.2740758937887878,-0.2740758937887878,-0.2740758937887878,-0.2740758937887878,-0.2740758937887878,1
0.31420573469076335,0.31420573469076335,0.31420573469076335,0.31420573469076335,0.31420573469076335,0.31420573469076335,0.31420573469076335,0.31420573469076335,0.31420573469076335,0.31420573469076335,0.31420573469076335,0.31420573469076335,0.31420573469076335,0.31420573469076335,0.31420573469076335,-0.31420573469076335,0.29739438517490624,0.2805830356590492,0.26377168614319213,0.24696033662733502,0.23014898711147794,0.21333763759562085,0.19652628807976377,0.1797149385639067,0.1629035890480496,0.14609223953219252,0.12928089001633544,0.11246954050047836,0.09565819098462128,0.0788468414687642,0.062035491952907085,0.04522414243705003,0.028412792921192975,0.011601443405335865,-0.005209906110521245,-0.0220212556263783,-0.038832605142235355,-0.055643954658092465,-0.07245530417394958,-0.08926665368980663,0.10607800320566366,-0.10607800320566366,-0.10607800320566366,-0.10607800320566366,-0.10607800320566366,-0.10607800320566366,-0.10607800320566366,-0.10607800320566366,-0.10607800320566366,-0.10607800320566366,-0.10607800320566366,-0.10607800320566366,-0.10607800320566366,-0.10607800320566366,-0.10607800320566366,-0.10607800320566366,1
-1.4567772367993366,-1.4567772367993366,-1.4567772367993366,-1.4567772367993366,-1.4567772367993366,-1.4567772367993366,-1.4567772367993366,-1.4567772367993366,-1.4567772367993366,-1.4567772367993366,-1.4567772367993366,-1.4567772367993366,-1.4567772367993366,-1.4567772367993366,-1.4567772367993366,1.4567772367993366,-1.4667466611612618,-1.476716085523187,-1.4866855098851122,-1.4966549342470374,-1.5066243586089625,-1.5165937829708878,-1.526563207332813,-1.536532631694738,-1.5465020560566634,-1.5564714804185886,-1.5664409047805137,-1.576410329142439,-1.5863797535043642,-1.5963491778662893,-1.6063186022282145,-1.6162880265901398,-1.6262574509520649,-1.6362268753139901,-1.6461962996759154,-1.6561657240378407,-1.6661351483997657,-1.676104572761691,-1.6860739971236163,-1.6960434214855413,1.7060128458474666,-1.7060128458474666,-1.7060128458474666,-1.7060128458474666,-1.7060128458474666,-1.7060128458474666,-1.7060128458474666,-1.7060128458474666,-1.7060128458474666,-1.7060128458474666,-1.7060128458474666,-1.7060128458474666,-1.7060128458474666,-1.7060128458474666,-1.7060128458474666,-1.7060128458474666,1
-1.1703673642245531,-1.1703673642245531,-1.1703673642245531,-1.1703673642245531,-1.1703673642245531,-1.1703673642245531,-1.1703673642245531,-1.1703673642245531,-1.1703673642245531,-1.1703673642245531,-1.1703673642245531,-1.1703673642245531,-1.1703673642245531,-1.1703673642245531,-1.1703673642245531,1.1703673642245531,-1.1510688169599976,-1.1317702696954421,-1.1124717224308867,-1.0931731751663314,-1.073874627901776,-1.0545760806372204,-1.035277533372665,-1.0159789861081094,-0.996680438843554,-0.9773818915789985,-0.9580833443144431,-0.9387847970498876,-0.9194862497853321,-0.9001877025207767,-0.8808891552562212,-0.8615906079916658,-0.8422920607271103,-0.8229935134625548,-0.8036949661979994,-0.7843964189334439,-0.7650978716688884,-0.745799324404333,-0.7265007771397776,-0.7072022298752221,0.6879036826106666,-0.6879036826106666,-0.6879036826106666,-0.6879036826106666,-0.6879036826106666,-0.6879036826106666,-0.6879036826106666,-0.6879036826106666,-0.6879036826106666,-0.6879036826106666,-0.6879036826106666,-0.6879036826106666,-0.6879036826106666,-0.6879036826106666,-0.6879036826106666,-0.6879036826106666,1
-0.9809948489456941,-0.9809948489456941,-0.9809948489456941,-0.9809948489456941,-0.9809948489456941,-0.9809948489456941,-0.9809948489456941,-0.9809948489456941,-0.9809948489456941,-0.9809948489456941,-0.9809948489456941,-0.9809948489456941,-0.9809948489456941,-0.9809948489456941,-0.9809948489456941,0.9809948489456941,-1.0155971277323863,-1.0501994065190787,-1.084801685305771,-1.1194039640924633,-1.1540062428791555,-1.1886085216658477,-1.2232108004525402,-1.2578130792392324,-1.2924153580259248,-1.327017636812617,-1.3616199155993094,-1.3962221943860016,-1.4308244731726938,-1.4654267519593862,-1.5000290307460784,-1.5346313095327706,-1.569233588319463,-1.6038358671061554,-1.6384381458928474,-1.6730404246795398,-1.7076427034662323,-1.7422449822529245,-1.7768472610396167,-1.811449539826309,1.8460518186130013,-1.8460518186130013,-1.8460518186130013,-1.8460518186130013,-1.8460518186130013,-1.8460518186130013,-1.8460518186130013,-1.8460518186130013,-1.8460518186130013,-1.8460518186130013,-1.8460518186130013,-1.8460518186130013,-1.8460518186130013,-1.8460518186130013,-1.8460518186130013,-1.8460518186130013,1
-1.4134037366286563,-1.4134037366286563,-1.4134037366286563,-1.4134037366286563,-1.4134037366286563,-1.4134037366286563,-1.4134037366286563,-1.4134037366286563,-1.4134037366286563,-1.4134037366286563,-1.4134037366286563,-1.4134037366286563,-1.4134037366286563,-1.4134037366286563,-1.4134037366286563,1.4134037366286563,-1.4127079125117104,-1.4120120883947644,-1.4113162642778188,-1.4106204401608728,-1.409924616043927,-1.409228791926981,-1.4085329678100351,-1.4078371436930894,-1.4071413195761435,-1.4064454954591976,-1.4057496713422517,-1.4050538472253058,-1.40435802310836,-1.4036621989914142,-1.4029663748744683,-1.4022705507575224,-1.4015747266405765,-1.4008789025236308,-1.4001830784066849,-1.399487254289739,-1.398791430172793,-1.3980956060558472,-1.3973997819389015,-1.3967039578219556,1.3960081337050096,-1.3960081337050096,-1.3960081337050096,-1.3960081337050096,-1.3960081337050096,-1.3960081337050096,-1.3960081337050096,-1.3960081337050096,-1.3960081337050096,-1.3960081337050096,-1.3960081337050096,-1.3960081337050096,-1.3960081337050096,-1.3960081337050096,-1.3960081337050096,-1.3960081337050096,1
-0.01290760031073076,-0.01290760031073076,-0.01290760031073076,-0.01290760031073076,-0.01290760031073076,-0.01290760031073076,-0.01290760031073076,-0.01290760031073076,-0.01290760031073076,-0.01290760031073076,-0.01290760031073076,-0.01290760031073076,-0.01290760031073076,-0.01290760031073076,-0.01290760031073076,0.01290760031073076,-0.014369810595003687,-0.015832020879276612,-0.01729423116354954,-0.018756441447822465,-0.020218651732095392,-0.02168086201636832,-0.02314307230064124,-0.024605282584914172,-0.026067492869187095,-0.027529703153460025,-0.028991913437732948,-0.03045412372200587,-0.0319163340062788,-0.033378544290551725,-0.034840754574824655,-0.03630296485909758,-0.03776517514337051,-0.03922738542764343,-0.04068959571191636,-0.042151805996189284,-0.04361401628046221,-0.04507622656473514,-0.04653843684900806,-0.048000647133280984,0.049462857417553914,-0.049462857417553914,-0.049462857417553914,-0.049462857417553914,-0.049462857417553914,-0.049462857417553914,-0.049462857417553914,-0.049462857417553914,-0.049462857417553914,-0.049462857417553914,-0.049462857417553914,-0.049462857417553914,-0.049462857417553914,-0.049462857417553914,-0.049462857417553914,-0.049462857417553914,1
0.6267847278259226,0.6267847278259226,0.6267847278259226,0.6267847278259226,0.6267847278259226,0.6267847278259226,0.6267847278259226,0.6267847278259226,0.6267847278259226,0.6267847278259226,0.6267847278259226,0.6267847278259226,0.6267847278259226,0.6267847278259226,0.6267847278259226,-0.6267847278259226,0.6404802839074384,0.654175839988954,0.6678713960704697,0.6815669521519854,0.6952625082335011,0.7089580643150168,0.7226536203965325,0.7363491764780482,0.7500447325595638,0.7637402886410796,0.7774358447225953,0.7911314008041109,0.8048269568856267,0.8185225129671423,0.832218069048658,0.8459136251301738,0.8596091812116894,0.8733047372932051,0.8870002933747207,0.9006958494562365,0.9143914055377522,0.9280869616192678,0.9417825177007835,0.9554780737822992,-0.969173629863815,0.969173629863815,0.969173629863815,0.969173629863815,0.969173629863815,0.969173629863815,0.969173629863815,0.969173629863815,0.969173629863815,0.969173629863815,0.969173629863815,0.969173629863815,0.969173629863815,0.969173629863815,0.969173629863815,0.969173629863815,1
0.7745174504132034,0.7745174504132034,0.7745174504132034,0.7745174504132034,0.7745174504132034,0.7745174504132034,0.7745174504132034,0.7745174504132034,0.7745174504132034,0.7745174504132034,0.7745174504132034,0.7745174504132034,0.7745174504132034,0.7745174504132034,0.7745174504132034,-0.7745174504132034,0.7883030833797059,0.8020887163462085,0.815874349312711,0.8296599822792134,0.843445615245716,0.8572312482122185,0.8710168811787211,0.8848025141452236,0.8985881471117261,0.9123737800782286,0.9261594130447312,0.9399450460112336,0.9537306789777362,0.9675163119442387,0.9813019449107412,0.9950875778772438,1.0088732108437464,1.0226588438102489,1.0364444767767513,1.0502301097432538,1.0640157427097563,1.077801375676259,1.0915870086427615,1.105372641609264,-1.1191582745757664,1.1191582745757664,1.1191582745757664,1.1191582745757664,1.1191582745757664,1.1191582745757664,1.1191582745757664,1.1191582745757664,1.1191582745757664,1.1191582745757664,1.1191582745757664,1.1191582745757664,1.1191582745757664,1.1191582745757664,1.1191582745757664,1.1191582745757664,1
1.4606327289535488,1.4606327289535488,1.4606327289535488,1.4606327289535488,1.4606327289535488,1.4606327289535488,1.4606327289535488,1.4606327289535488,1.4606327289535488,1.4606327289535488,1.4606327289535488,1.4606327289535488,1.4606327289535488,1.4606327289535488,1.4606327289535488,-1.4606327289535488,1.4562034152603207,1.4517741015670924,1.4473447878738643,1.4429154741806363,1.4384861604874082,1.4340568467941799,1.4296275331009518,1.4251982194077237,1.4207689057144954,1.4163395920212674,1.4119102783280393,1.4074809646348112,1.403051650941583,1.3986223372483548,1.3941930235551268,1.3897637098618985,1.3853343961686704,1.3809050824754423,1.3764757687822142,1.372046455088986,1.3676171413957579,1.3631878277025298,1.3587585140093017,1.3543292003160734,-1.3498998866228453,1.3498998866228453,1.3498998866228453,1.3498998866228453,1.3498998866228453,1.3498998866228453,1.3498998866228453,1.3498998866228453,1.3498998866228453,1.3498998866228453,1.3498998866228453,1.3498998866228453,1.3498998866228453,1.3498998866228453,1.3498998866228453,1.3498998866228453,1
0.36687115779205354,0.36687115779205354,0.36687115779205354,0.36687115779205354,0.36687115779205354,0.36687115779205354,0.36687115779205354,0.36687115779205354,0.36687115779205354,0.36687115779205354,0.36687115779205354,0.36687115779205354,0.36687115779205354,0.36687115779205354,0.36687115779205354,-0.36687115779205354,0.3581870317094388,0.34950290562682407,0.3408187795442093,0.3321346534615946,0.32345052737897984,0.31476640129636513,0.30608227521375037,0.2973981491311356,0.2887140230485209,0.28002989696590613,0.27134577088329137,0.26266164480067666,0.2539775187180619,0.2452933926354472,0.23660926655283243,0.2279251404702177,0.21924101438760296,0.21055688830498823,0.20187276222237346,0.19318863613975873,0.184504510057144,0.17582038397452926,0.16713625789191452,0.1584521318092998,-0.14976800572668503,0.14976800572668503,0.14976800572668503,0.14976800572668503,0.14976800572668503,0.14976800572668503,0.14976800572668503,0.14976800572668503,0.14976800572668503,0.14976800572668503,0.14976800572668503,0.14976800572668503,0.14976800572668503,0.14976800572668503,0.14976800572668503,0.14976800572668503,1
-0.5471864596291341,-0.5471864596291341,-0.5471864596291341,-0.5471864596291341,-0.5471864596291341,-0.5471864596291341,-0.5471864596291341,-0.5471864596291341,-0.5471864596291341,-0.5471864596291341,-0.5471864596291341,-0.5471864596291341,-0.5471864596291341,-0.5471864596291341,-0.5471864596291341,0.5471864596291341,-0.5609228320658908,-0.5746592045026474,-0.588395576939404,-0.6021319493761605,-0.6158683218129172,-0.6296046942496738,-0.6433410666864304,-0.6570774391231871,-0.6708138115599437,-0.6845501839967003,-0.6982865564334568,-0.7120229288702136,-0.7257593013069701,-0.7394956737437267,-0.7532320461804833,-0.76696841861724,-0.7807047910539966,-0.7944411634907532,-0.8081775359275098,-0.8219139083642664,-0.8356502808010231,-0.8493866532377796,-0.8631230256745362,-0.8768593981112929,0.8905957705480495,-0.8905957705480495,-0.8905957705480495,-0.8905957705480495,-0.8905957705480495,-0.8905957705480495,-0.8905957705480495,-0.8905957705480495,-0.8905957705480495,-0.8905957705480495,-0.8905957705480495,-0.8905957705480495,-0.8905957705480495,-0.8905957705480495,-0.8905957705480495,-0.8905957705480495,1
0.0444326229007145,0.0444326229007145,0.0444326229007145,0.0444326229007145,0.0444326229007145,0.0444326229007145,0.0444326229007145,0.0444326229007145,0.0444326229007145,0.0444326229007145,0.0444326229007145,0.0444326229007145,0.0444326229007145,0.0444326229007145,0.0444326229007145,-0.0444326229007145,0.02121081472588052,-0.0020109934489534603,-0.025232801623787444,-0.04845460979862142,-0.07167641797345539,-0.09489822614828938,-0.11812003432312335,-0.14134184249795734,-0.16456365067279133,-0.1877854588476253,-0.21100726702245928,-0.23422907519729327,-0.2574508833721273,-0.28067269154696123,-0.3038944997217952,-0.3271163078966292,-0.3503381160714632,-0.3735599242462972,-0.39678173242113113,-0.4200035405959651,-0.4432253487707991,-0.4664471569456331,-0.4896689651204671,-0.5128907732953011,0.5361125814701351,-0.5361125814701351,-0.5361125814701351,-0.5361125814701351,-0.5361125814701351,-0.5361125814701351,-0.5361125814701351,-0.5361125814701351,-0.5361125814701351,-0.5361125814701351,-0.5361125814701351,-0.5361125814701351,-0.5361125814701351,-0.5361125814701351,-0.5361125814701351,-0.5361125814701351,1
1.8624014706574032,1.8624014706574032,1.8624014706574032,1.8624014706574032,1.8624014706574032,1.8624014706574032,1.8624014706574032,1.8624014706574032,1.8624014706574032,1.8624014706574032,1.8624014706574032,1.8624014706574032,1.8624014706574032,1.8624014706574032,1.8624014706574032,-1.8624014706574032,1.86331243124809,1.864223391838777,1.8651343524294637,1.8660453130201504,1.8669562736108374,1.8678672342015241,1.8687781947922109,1.8696891553828978,1.8706001159735846,1.8715110765642713,1.8724220371549583,1.873332997745645,1.8742439583363317,1.8751549189270185,1.8760658795177054,1.8769768401083922,1.877887800699079,1.8787987612897659,1.8797097218804526,1.8806206824711393,1.8815316430618263,1.882442603652513,1.8833535642431998,1.8842645248338867,-1.8851754854245735,1.8851754854245735,1.8851754854245735,1.8851754854245735,1.8851754854245735,1.8851754854245735,1.8851754854245735,1.8851754854245735,1.8851754854245735,1.8851754854245735,1.8851754854245735,1.8851754854245735,1.8851754854245735,1.8851754854245735,1.8851754854245735,1.8851754854245735,1
1.6596317721465763,1.6596317721465763,1.6596317721465763,1.6596317721465763,1.6596317721465763,1.6596317721465763,1.6596317721465763,1.6596317721465763,1.6596317721465763,1.6596317721465763,1.6596317721465763,1.6596317721465763,1.6596317721465763,1.6596317721465763,1.6596317721465763,-1.6596317721465763,1.6448022310295936,1.629972689912611,1.6151431487956283,1.6003136076786455,1.585484066561663,1.5706545254446802,1.5558249843276974,1.540995443210715,1.5261659020937322,1.5113363609767494,1.4965068198597669,1.481677278742784,1.4668477376258013,1.4520181965088188,1.437188655391836,1.4223591142748533,1.4075295731578708,1.392700032040888,1.3778704909239052,1.3630409498069227,1.34821140868994,1.3333818675729572,1.3185523264559744,1.3037227853389919,-1.2888932442220091,1.2888932442220091,1.2888932442220091,1.2888932442220091,1.2888932442220091,1.2888932442220091,1.2888932442220091,1.2888932442220091,1.2888932442220091,1.2888932442220091,1.2888932442220091,1.2888932442220091,1.2888932442220091,1.2888932442220091,1.2888932442220091,1.2888932442220091,1
-0.05183946272228746,-0.05183946272228746,-0.05183946272228746,-0.05183946272228746,-0.05183946272228746,-0.05183946272228746,-0.05183946272228746,-0.05183946272228746,-0.05183946272228746,-0.05183946272228746,-0.05183946272228746,-0.05183946272228746,-0.05183946272228746,-0.05183946272228746,-0.05183946272228746,0.05183946272228746,-0.047332340995704436,-0.04282521926912142,-0.0383180975425384,-0.03381097581595537,-0.02930385408937235,-0.024796732362789328,-0.020289610636206303,-0.015782488909623284,-0.011275367183040265,-0.006768245456457239,-0.0022611237298742135,0.0022459979967088053,0.006753119723291824,0.011260241449874857,0.015767363176457876,0.020274484903040894,0.024781606629623913,0.029288728356206932,0.033795850082789965,0.03830297180937298,0.042810093535956,0.047317215262539035,0.051824336989122054,0.05633145871570507,-0.060838580442288084,0.060838580442288084,0.060838580442288084,0.060838580442288084,0.060838580442288084,0.060838580442288084,0.060838580442288084,0.060838580442288084,0.060838580442288084,0.060838580442288084,0.060838580442288084,0.060838580442288084,0.060838580442288084,0.060838580442288084,0.060838580442288084,0.060838580442288084,1
0.326263277879174,0.326263277879174,0.326263277879174,0.326263277879174,0.326263277879174,0.326263277879174,0.326263277879174,0.326263277879174,0.326263277879174,0.326263277879174,0.326263277879174,0.326263277879174,0.326263277879174,0.326263277879174,0.326263277879174,-0.326263277879174,0.321229700250001,0.316196122620828,0.3111625449916551,0.3061289673624821,0.3010953897333091,0.2960618121041362,0.2910282344749632,0.28599465684579023,0.2809610792166173,0.2759275015874443,0.27089392395827133,0.2658603463290984,0.2608267686999254,0.25579319107075243,0.2507596134415795,0.24572603581240648,0.2406924581832335,0.23565888055406053,0.2306253029248876,0.2255917252957146,0.22055814766654164,0.2155245700373687,0.21049099240819572,0.20545741477902274,-0.20042383714984977,0.20042383714984977,0.20042383714984977,0.20042383714984977,0.20042383714984977,0.20042383714984977,0.20042383714984977,0.20042383714984977,0.20042383714984977,0.20042383714984977,0.20042383714984977,0.20042383714984977,0.20042383714984977,0.20042383714984977,0.20042383714984977,0.20042383714984977,1
-0.6163370201090345,-0.6163370201090345,-0.6163370201090345,-0.6163370201090345,-0.6163370201090345,-0.6163370201090345,-0.6163370201090345,-0.6163370201090345,-0.6163370201090345,-0.6163370201090345,-0.6163370201090345,-0.6163370201090345,-0.6163370201090345,-0.6163370201090345,-0.6163370201090345,0.6163370201090345,-0.5672607433392461,-0.5181844665694579,-0.4691081897996696,-0.4200319130298813,-0.370955636260093,-0.3218793594903047,-0.27280308272051645,-0.22372680595072814,-0.17465052918093982,-0.12557425241115155,-0.07649797564136329,-0.027421698871574973,0.021654577898213345,0.07073085466800155,0.11980713143778987,0.1688834082075782,0.2179596849773665,0.2670359617471548,0.31611223851694303,0.36518851528673135,0.41426479205651956,0.4633410688263079,0.5124173455960962,0.5614936223658845,-0.6105698991356728,0.6105698991356728,0.6105698991356728,0.6105698991356728,0.6105698991356728,0.6105698991356728,0.6105698991356728,0.6105698991356728,0.6105698991356728,0.6105698991356728,0.6105698991356728,0.6105698991356728,0.6105698991356728,0.6105698991356728,0.6105698991356728,0.6105698991356728,0
-0.596480600588673,-0.596480600588673,-0.596480600588673,-0.596480600588673,-0.596480600588673,-0.596480600588673,-0.596480600588673,-0.596480600588673,-0.596480600588673,-0.596480600588673,-0.596480600588673,-0.596480600588673,-0.596480600588673,-0.596480600588673,-0.596480600588673,0.596480600588673,-0.547858634679048,-0.4992366687694231,-0.4506147028597981,-0.4019927369501731,-0.35337077104054815,-0.3047488051309232,-0.2561268392212982,-0.20750487331167322,-0.15888290740204825,-0.11026094149242327,-0.061638975582798294,-0.013017009673173319,0.03560495623645166,0.08422692214607663,0.1328488880557016,0.18147085396532658,0.23009281987495156,0.27871478578457654,0.3273367516942015,0.3759587176038265,0.42458068351345146,0.47320264942307644,0.5218246153327014,0.5704465812423264,-0.6190685471519515,0.6190685471519515,0.6190685471519515,0.6190685471519515,0.6190685471519515,0.6190685471519515,0.6190685471519515,0.6190685471519515,0.6190685471519515,0.6190685471519515,0.6190685471519515,0.6190685471519515,0.6190685471519515,0.6190685471519515,0.6190685471519515,0.6190685471519515,0
-0.7057897966263132,-0.7057897966263132,-0.7057897966263132,-0.7057897966263132,-0.7057897966263132,-0.7057897966263132,-0.7057897966263132,-0.7057897966263132,-0.7057897966263132,-0.7057897966263132,-0.7057897966263132,-0.7057897966263132,-0.7057897966263132,-0.7057897966263132,-0.7057897966263132,0.7057897966263132,-0.6543573442199472,-0.6029248918135811,-0.551492439407215,-0.500059987000849,-0.44862753459448285,-0.3971950821881168,-0.3457626297817507,-0.29433017737538464,-0.24289772496901857,-0.19146527256265244,-0.14003282015628638,-0.0886003677499203,-0.037167915343554236,0.014264537062811833,0.0656969894691779,0.11712944187554397,0.16856189428191004,0.2199943466882761,0.2714267990946422,0.32285925150100836,0.37429170390737443,0.4257241563137405,0.47715660872010657,0.5285890611264726,-0.5800215135328387,0.5800215135328387,0.5800215135328387,0.5800215135328387,0.5800215135328387,0.5800215135328387,0.5800215135328387,0.5800215135328387,0.5800215135328387,0.5800215135328387,0.5800215135328387,0.5800215135328387,0.5800215135328387,0.5800215135328387,0.5800215135328387,0.5800215135328387,0
-0.6501349609806194,-0.6501349609806194,-0.6501349609806194,-0.6501349609806194,-0.6501349609806194,-0.6501349609806194,-0.6501349609806194,-0.6501349609806194,-0.6501349609806194,-0.6501349609806194,-0.6501349609806194,-0.6501349609806194,-0.6501349609806194,-0.6501349609806194,-0.6501349609806194,0.6501349609806194,-0.6016450496818693,-0.5531551383831192,-0.5046652270843691,-0.456175315785619,-0.40768540448686885,-0.3591954931881188,-0.3107055818893687,-0.26221567059061857,-0.21372575929186843,-0.16523584799311836,-0.11674593669436828,-0.06825602539561815,-0.019766114096868015,0.028723797201882006,0.07721370850063214,0.12570361979938227,0.1741935310981324,0.22268344239688254,0.27117335369563256,0.3196632649943827,0.3681531762931328,0.41664308759188284,0.4651329988906331,0.5136229101893831,-0.5621128214881332,0.5621128214881332,0.5621128214881332,0.5621128214881332,0.5621128214881332,0.5621128214881332,0.5621128214881332,0.5621128214881332,0.5621128214881332,0.5621128214881332,0.5621128214881332,0.5621128214881332,0.5621128214881332,0.5621128214881332,0.5621128214881332,0.5621128214881332,0
-0.65627341553377,-0.65627341553377,-0.65627341553377,-0.65627341553377,-0.65627341553377,-0.65627341553377,-0.65627341553377,-0.65627341553377,-0.65627341553377,-0.65627341553377,-0.65627341553377,-0.65627341553377,-0.65627341553377,-0.65627341553377,-0.65627341553377,0.65627341553377,-0.6090922745823462,-0.5619111336309222,-0.5147299926794981,-0.46754885172807426,-0.4203677107766503,-0.37318656982522636,-0.3260054288738024,-0.27882428792237846,-0.2316431469709545,-0.18446200601953056,-0.13728086506810666,-0.09009972411668266,-0.04291858316525865,0.004262557786165244,0.05144369873758914,0.09862483968901314,0.14580598064043715,0.19298712159186104,0.24016826254328494,0.28734940349470894,0.33453054444613295,0.38171168539755673,0.42889282634898074,0.47607396730040474,-0.5232551082518286,0.5232551082518286,0.5232551082518286,0.5232551082518286,0.5232551082518286,0.5232551082518286,0.5232551082518286,0.5232551082518286,0.5232551082518286,0.5232551082518286,0.5232551082518286,0.5232551082518286,0.5232551082518286,0.5232551082518286,0.5232551082518286,0.5232551082518286,0
-0.5951640269085706,-0.5951640269085706,-0.5951640269085706,-0.5951640269085706,-0.5951640269085706,-0.5951640269085706,-0.5951640269085706,-0.5951640269085706,-0.5951640269085706,-0.5951640269085706,-0.5951640269085706,-0.5951640269085706,-0.5951640269085706,-0.5951640269085706,-0.5951640269085706,0.5951640269085706,-0.5432291530855324,-0.4912942792624943,-0.4393594054394562,-0.387424531616418,-0.3354896577933798,-0.2835547839703417,-0.23161991014730354,-0.17968503632426536,-0.12775016250122717,-0.07581528867818899,-0.02388041485515091,0.028054458967887275,0.07998933279092546,0.13192420661396353,0.18385908043700172,0.2357939542600399,0.2877288280830781,0.3396637019061163,0.39159857572915435,0.44353344955219265,0.4954683233752307,0.5474031971982688,0.5993380710213071,0.6512729448443452,-0.7032078186673832,0.7032078186673832,0.7032078186673832,0.7032078186673832,0.7032078186673832,0.7032078186673832,0.7032078186673832,0.7032078186673832,0.7032078186673832,0.7032078186673832,0.7032078186673832,0.7032078186673832,0.7032078186673832,0.7032078186673832,0.7032078186673832,0.7032078186673832,0
-0.7191245522357363,-0.7191245522357363,-0.7191245522357363,-0.7191245522357363,-0.7191245522357363,-0.7191245522357363,-0.7191245522357363,-0.7191245522357363,-0.7191245522357363,-0.7191245522357363,-0.7191245522357363,-0.7191245522357363,-0.7191245522357363,-0.7191245522357363,-0.7191245522357363,0.7191245522357363,-0.6673245997248138,-0.6155246472138914,-0.563724694702969,-0.5119247421920465,-0.4601247896811241,-0.4083248371702016,-0.3565248846592792,-0.3047249321483567,-0.25292497963743427,-0.2011250271265118,-0.14932507461558941,-0.0975251221046669,-0.0457251695937444,0.006074782917178001,0.0578747354281004,0.10967468793902291,0.16147464044994542,0.21327459296086781,0.2650745454717902,0.3168744979827127,0.36867445049363523,0.4204744030045575,0.47227435551548,0.5240743080264025,-0.5758742605373249,0.5758742605373249,0.5758742605373249,0.5758742605373249,0.5758742605373249,0.5758742605373249,0.5758742605373249,0.5758742605373249,0.5758742605373249,0.5758742605373249,0.5758742605373249,0.5758742605373249,0.5758742605373249,0.5758742605373249,0.5758742605373249,0.5758742605373249,0
-0.6031507336810293,-0.6031507336810293,-0.6031507336810293,-0.6031507336810293,-0.6031507336810293,-0.6031507336810293,-0.6031507336810293,-0.6031507336810293,-0.6031507336810293,-0.6031507336810293,-0.6031507336810293,-0.6031507336810293,-0.6031507336810293,-0.6031507336810293,-0.6031507336810293,0.6031507336810293,-0.5588149803361145,-0.5144792269911999,-0.47014347364628506,-0.4258077203013703,-0.3814719669564556,-0.3371362136115408,-0.29280046026662604,-0.2484647069217113,-0.20412895357679656,-0.15979320023188182,-0.11545744688696702,-0.07112169354205222,-0.026785940197137537,0.01754981314777726,0.061885566492691946,0.10622131983760674,0.15055707318252154,0.19489282652743622,0.23922857987235102,0.2835643332172657,0.3279000865621805,0.3722358399070953,0.41657159325201,0.4609073465969249,-0.5052430999418396,0.5052430999418396,0.5052430999418396,0.5052430999418396,0.5052430999418396,0.5052430999418396,0.5052430999418396,0.5052430999418396,0.5052430999418396,0.5052430999418396,0.5052430999418396,0.5052430999418396,0.5052430999418396,0.5052430999418396,0.5052430999418396,0.5052430999418396,0
-0.5665185479915502,-0.5665185479915502,-0.5665185479915502,-0.5665185479915502,-0.5665185479915502,-0.5665185479915502,-0.5665185479915502,-0.5665185479915502,-0.5665185479915502,-0.5665185479915502,-0.5665185479915502,-0.5665185479915502,-0.5665185479915502,-0.5665185479915502,-0.5665185479915502,0.5665185479915502,-0.5202597296824314,-0.4740009113733126,-0.42774209306419375,-0.38148327475507493,-0.3352244564459561,-0.28896563813683723,-0.2427068198277184,-0.1964480015185996,-0.15018918320948077,-0.10393036490036195,-0.05767154659124307,-0.011412728282124251,0.03484609002699457,0.08110490833611339,0.1273637266452322,0.17362254495435103,0.21988136326346985,0.2661401815725887,0.3123989998817075,0.3586578181908263,0.40491663649994514,0.45117545480906407,0.4974342731181829,0.5436930914273017,-0.5899519097364204,0.5899519097364204,0.5899519097364204,0.5899519097364204,0.5899519097364204,0.5899519097364204,0.5899519097364204,0.5899519097364204,0.5899519097364204,0.5899519097364204,0.5899519097364204,0.5899519097364204,0.5899519097364204,0.5899519097364204,0.5899519097364204,0.5899519097364204,0
-0.6832844453951789,-0.6832844453951789,-0.6832844453951789,-0.6832844453951789,-0.6832844453951789,-0.6832844453951789,-0.6832844453951789,-0.6832844453951789,-0.6832844453951789,-0.6832844453951789,-0.6832844453951789,-0.6832844453951789,-0.6832844453951789,-0.6832844453951789,-0.6832844453951789,0.6832844453951789,-0.6321990119388937,-0.5811135784826086,-0.5300281450263234,-0.4789427115700383,-0.4278572781137531,-0.376771844657468,-0.32568641120118286,-0.2746009777448977,-0.2235155442886126,-0.1724301108323274,-0.12134467737604226,-0.07025924391975713,-0.019173810463471996,0.03191162299281314,0.08299705644909827,0.1340824899053834,0.18516792336166854,0.23625335681795367,0.2873387902742388,0.33842422373052405,0.3895096571868092,0.4405950906430943,0.49168052409937946,0.5427659575556646,-0.5938513910119497,0.5938513910119497,0.5938513910119497,0.5938513910119497,0.5938513910119497,0.5938513910119497,0.5938513910119497,0.5938513910119497,0.5938513910119497,0.5938513910119497,0.5938513910119497,0.5938513910119497,0.5938513910119497,0.5938513910119497,0.5938513910119497,0.5938513910119497,0
-0.6176374487464704,-0.6176374487464704,-0.6176374487464704,-0.6176374487464704,-0.6176374487464704,-0.6176374487464704,-0.6176374487464704,-0.6176374487464704,-0.6176374487464704,-0.6176374487464704,-0.6176374487464704,-0.6176374487464704,-0.6176374487464704,-0.6176374487464704,-0.6176374487464704,0.6176374487464704,-0.5664740346716958,-0.5153106205969211,-0.4641472065221465,-0.4129837924473719,-0.36182037837259723,-0.31065696429782264,-0.259493550223048,-0.20833013614827334,-0.1571667220734987,-0.10600330799872404,-0.05483989392394939,-0.003676479849174852,0.0474869342255998,0.09865034830037445,0.1498137623751491,0.20097717644992374,0.2521405905246984,0.30330400459947304,0.3544674186742477,0.40563083274902234,0.4567942468237969,0.5079576608985716,0.5591210749733462,0.6102844890481207,-0.6614479031228954,0.6614479031228954,0.6614479031228954,0.6614479031228954,0.6614479031228954,0.6614479031228954,0.6614479031228954,0.6614479031228954,0.6614479031228954,0.6614479031228954,0.6614479031228954,0.6614479031228954,0.6614479031228954,0.6614479031228954,0.6614479031228954,0.6614479031228954,0
-0.6310076146359724,-0.6310076146359724,-0.6310076146359724,-0.6310076146359724,-0.6310076146359724,-0.6310076146359724,-0.6310076146359724,-0.6310076146359724,-0.6310076146359724,-0.6310076146359724,-0.6310076146359724,-0.6310076146359724,-0.6310076146359724,-0.6310076146359724,-0.6310076146359724,0.6310076146359724,-0.5805599115971033,-0.530112208558234,-0.4796645055193649,-0.42921680248049565,-0.3787690994416265,-0.3283213964027573,-0.2778736933638881,-0.22742599032501892,-0.17697828728614973,-0.1265305842472806,-0.07608288120841133,-0.025635178169542194,0.024812524869327057,0.0752602279081962,0.12570793094706545,0.1761556339859346,0.22660333702480373,0.277051040063673,0.3274987431025421,0.37794644614141126,0.4283941491802805,0.47884185221914977,0.529289555258019,0.579737258296888,-0.6301849613357574,0.6301849613357574,0.6301849613357574,0.6301849613357574,0.6301849613357574,0.6301849613357574,0.6301849613357574,0.6301849613357574,0.6301849613357574,0.6301849613357574,0.6301849613357574,0.6301849613357574,0.6301849613357574,0.6301849613357574,0.6301849613357574,0.6301849613357574,0
-0.6369580958257773,-0.6369580958257773,-0.6369580958257773,-0.6369580958257773,-0.6369580958257773,-0.6369580958257773,-0.6369580958257773,-0.6369580958257773,-0.6369580958257773,-0.6369580958257773,-0.6369580958257773,-0.6369580958257773,-0.6369580958257773,-0.6369580958257773,-0.6369580958257773,0.6369580958257773,-0.5886007579788873,-0.5402434201319972,-0.4918860822851072,-0.4435287444382172,-0.3951714065913272,-0.34681406874443715,-0.2984567308975471,-0.2500993930506571,-0.2017420552037671,-0.15338471735687703,-0.10502737950998697,-0.05667004166309697,-0.008312703816206968,0.040044634030683146,0.08840197187757315,0.13675930972446315,0.18511664757135315,0.23347398541824316,0.28183132326513327,0.3301886611120233,0.3785459989589134,0.4269033368058034,0.4752606746526934,0.5236180124995834,-0.5719753503464733,0.5719753503464733,0.5719753503464733,0.5719753503464733,0.5719753503464733,0.5719753503464733,0.5719753503464733,0.5719753503464733,0.5719753503464733,0.5719753503464733,0.5719753503464733,0.5719753503464733,0.5719753503464733,0.5719753503464733,0.5719753503464733,0.5719753503464733,0
-0.5911746238290083,-0.5911746238290083,-0.5911746238290083,-0.5911746238290083,-0.5911746238290083,-0.5911746238290083,-0.5911746238290083,-0.5911746238290083,-0.5911746238290083,-0.5911746238290083,-0.5911746238290083,-0.5911746238290083,-0.5911746238290083,-0.5911746238290083,-0.5911746238290083,0.5911746238290083,-0.5459312418793402,-0.5006878599296719,-0.45544447798000376,-0.4102010960303355,-0.36495771408066735,-0.31971433213099915,-0.27447095018133094,-0.22922756823166274,-0.18398418628199453,-0.13874080433232633,-0.09349742238265812,-0.048254040432989975,-0.0030106584833217154,0.042232723466346433,0.0874761054160147,0.13271948736568284,0.177962869315351,0.22320625126501925,0.2684496332146874,0.31369301516435566,0.3589363971140238,0.40417977906369207,0.44942316101336033,0.49466654296302837,-0.5399099249126967,0.5399099249126967,0.5399099249126967,0.5399099249126967,0.5399099249126967,0.5399099249126967,0.5399099249126967,0.5399099249126967,0.5399099249126967,0.5399099249126967,0.5399099249126967,0.5399099249126967,0.5399099249126967,0.5399099249126967,0.5399099249126967,0.5399099249126967,0
-0.6218472042167638,-0.6218472042167638,-0.6218472042167638,-0.6218472042167638,-0.6218472042167638,-0.6218472042167638,-0.6218472042167638,-0.6218472042167638,-0.6218472042167638,-0.6218472042167638,-0.6218472042167638,-0.6218472042167638,-0.6218472042167638,-0.6218472042167638,-0.6218472042167638,0.6218472042167638,-0.5714193012927221,-0.5209913983686804,-0.4705634954446387,-0.420135592520597,-0.3697076895965553,-0.31927978667251367,-0.26885188374847196,-0.21842398082443026,-0.16799607790038856,-0.11756817497634686,-0.06714027205230522,-0.01671236912826357,0.033715533795778185,0.08414343671981983,0.1345713396438616,0.18499924256790323,0.23542714549194488,0.28585504841598663,0.3362829513400283,0.38671085426407004,0.43713875718811157,0.4875666601121533,0.5379945630361951,0.5884224659602366,-0.6388503688842783,0.6388503688842783,0.6388503688842783,0.6388503688842783,0.6388503688842783,0.6388503688842783,0.6388503688842783,0.6388503688842783,0.6388503688842783,0.6388503688842783,0.6388503688842783,0.6388503688842783,0.6388503688842783,0.6388503688842783,0.6388503688842783,0.6388503688842783,0
-0.7257462096438786,-0.7257462096438786,-0.7257462096438786,-0.7257462096438786,-0.7257462096438786,-0.7257462096438786,-0.7257462096438786,-0.7257462096438786,-0.7257462096438786,-0.7257462096438786,-0.7257462096438786,-0.7257462096438786,-0.7257462096438786,-0.7257462096438786,-0.7257462096438786,0.7257462096438786,-0.6683426479737382,-0.6109390863035978,-0.5535355246334575,-0.4961319629633172,-0.4387284012931768,-0.3813248396230364,-0.3239212779528961,-0.2665177162827557,-0.2091141546126154,-0.15171059294247502,-0.09430703127233464,-0.03690346960219426,0.02050009206794612,0.07790365373808639,0.13530721540822677,0.19271077707836715,0.2501143387485075,0.3075179004186478,0.3649214620887883,0.42232502375892855,0.47972858542906904,0.5371321470992093,0.5945357087693496,0.6519392704394901,-0.7093428321096303,0.7093428321096303,0.7093428321096303,0.7093428321096303,0.7093428321096303,0.7093428321096303,0.7093428321096303,0.7093428321096303,0.7093428321096303,0.7093428321096303,0.7093428321096303,0.7093428321096303,0.7093428321096303,0.7093428321096303,0.7093428321096303,0.7093428321096303,0
-0.5529646989329475,-0.5529646989329475,-0.5529646989329475,-0.5529646989329475,-0.5529646989329475,-0.5529646989329475,-0.5529646989329475,-0.5529646989329475,-0.5529646989329475,-0.5529646989329475,-0.5529646989329475,-0.5529646989329475,-0.5529646989329475,-0.5529646989329475,-0.5529646989329475,0.5529646989329475,-0.5072442845125343,-0.46152387009212115,-0.415803455671708,-0.3700830412512948,-0.32436262683088163,-0.2786422124104685,-0.2329217979900553,-0.1872013835696421,-0.14148096914922892,-0.09576055472881573,-0.050040140308402536,-0.004319725887989456,0.041400688532423735,0.08712110295283693,0.13284151737325012,0.1785619317936633,0.2242823462140765,0.2700027606344897,0.3157231750549029,0.3614435894753161,0.40716400389572915,0.45288441831614246,0.49860483273655554,0.5443252471569686,-0.5900456615773818,0.5900456615773818,0.5900456615773818,0.5900456615773818,0.5900456615773818,0.5900456615773818,0.5900456615773818,0.5900456615773818,0.5900456615773818,0.5900456615773818,0.5900456615773818,0.5900456615773818,0.5900456615773818,0.5900456615773818,0.5900456615773818,0.5900456615773818,0
-0.7451958979678655,-0.7451958979678655,-0.7451958979678655,-0.7451958979678655,-0.7451958979678655,-0.7451958979678655,-0.7451958979678655,-0.7451958979678655,-0.7451958979678655,-0.7451958979678655,-0.7451958979678655,-0.7451958979678655,-0.7451958979678655,-0.7451958979678655,-0.7451958979678655,0.7451958979678655,-0.6894306283219541,-0.6336653586760429,-0.5779000890301316,-0.5221348193842204,-0.466369549738309,-0.41060428009239774,-0.35483901044648647,-0.2990737408005752,-0.24330847115466392,-0.1875432015087526,-0.13177793186284137,-0.07601266221693004,-0.02024739257101882,0.03551787707489251,0.09128314672080373,0.14704841636671506,0.2028136860126264,0.2585789556585376,0.31434422530444883,0.3701094949503603,0.4258747645962715,0.4816400342421827,0.5374053038880939,0.5931705735340054,-0.6489358431799165,0.6489358431799165,0.6489358431799165,0.6489358431799165,0.6489358431799165,0.6489358431799165,0.6489358431799165,0.6489358431799165,0.6489358431799165,0.6489358431799165,0.6489358431799165,0.6489358431799165,0.6489358431799165,0.6489358431799165,0.6489358431799165,0.6489358431799165,0
-0.6339620928926855,-0.6339620928926855,-0.6339620928926855,-0.6339620928926855,-0.6339620928926855,-0.6339620928926855,-0.6339620928926855,-0.6339620928926855,-0.6339620928926855,-0.6339620928926855,-0.6339620928926855,-0.6339620928926855,-0.6339620928926855,-0.6339620928926855,-0.6339620928926855,0.6339620928926855,-0.5821658074416808,-0.5303695219906761,-0.4785732365396715,-0.42677695108866687,-0.3749806656376622,-0.3231843801866575,-0.2713880947356529,-0.21959180928464822,-0.16779552383364355,-0.11599923838263893,-0.06420295293163425,-0.012406667480629574,0.0393896179703751,0.09118590342137967,0.14298218887238434,0.19477847432338902,0.2465747597743937,0.29837104522539837,0.35016733067640293,0.4019636161274076,0.4537599015784124,0.505556187029417,0.5573524724804215,0.6091487579314263,-0.660945043382431,0.660945043382431,0.660945043382431,0.660945043382431,0.660945043382431,0.660945043382431,0.660945043382431,0.660945043382431,0.660945043382431,0.660945043382431,0.660945043382431,0.660945043382431,0.660945043382431,0.660945043382431,0.660945043382431,0.660945043382431,0
-0.597167809953226,-0.597167809953226,-0.597167809953226,-0.597167809953226,-0.597167809953226,-0.597167809953226,-0.597167809953226,-0.597167809953226,-0.597167809953226,-0.597167809953226,-0.597167809953226,-0.597167809953226,-0.597167809953226,-0.597167809953226,-0.597167809953226,0.597167809953226,-0.5461383212933902,-0.49510883263355443,-0.4440793439737187,-0.39304985531388287,-0.34202036665404706,-0.2909908779942113,-0.2399613893343755,-0.1889319006745397,-0.13790241201470388,-0.08687292335486807,-0.03584343469503226,0.015186053964803437,0.06621554262463925,0.11724503128447505,0.16827451994431086,0.21930400860414667,0.2703334972639825,0.3213629859238183,0.3723924745836541,0.4234219632434899,0.4744514519033256,0.5254809405631615,0.5765104292229972,0.6275399178828329,-0.6785694065426687,0.6785694065426687,0.6785694065426687,0.6785694065426687,0.6785694065426687,0.6785694065426687,0.6785694065426687,0.6785694065426687,0.6785694065426687,0.6785694065426687,0.6785694065426687,0.6785694065426687,0.6785694065426687,0.6785694065426687,0.6785694065426687,0.6785694065426687,0
-0.6562511865616082,-0.6562511865616082,-0.6562511865616082,-0.6562511865616082,-0.6562511865616082,-0.6562511865616082,-0.6562511865616082,-0.6562511865616082,-0.6562511865616082,-0.6562511865616082,-0.6562511865616082,-0.6562511865616082,-0.6562511865616082,-0.6562511865616082,-0.6562511865616082,0.6562511865616082,-0.6062692641784779,-0.5562873417953477,-0.5063054194122174,-0.45632349702908714,-0.4063415746459569,-0.3563596522628267,-0.3063777298796964,-0.25639580749656615,-0.2064138851134359,-0.15643196273030563,-0.10645004034717542,-0.05646811796404516,-0.0064861955809149,0.04349572680221536,0.09347764918534562,0.14345957156847589,0.19344149395160615,0.2434234163347364,0.29340533871786667,0.34338726110099693,0.3933691834841272,0.44335110586725734,0.4933330282503877,0.5433149506335179,-0.5932968730166481,0.5932968730166481,0.5932968730166481,0.5932968730166481,0.5932968730166481,0.5932968730166481,0.5932968730166481,0.5932968730166481,0.5932968730166481,0.5932968730166481,0.5932968730166481,0.5932968730166481,0.5932968730166481,0.5932968730166481,0.5932968730166481,0.5932968730166481,0
-0.6520933390410252,-0.6520933390410252,-0.6520933390410252,-0.6520933390410252,-0.6520933390410252,-0.6520933390410252,-0.6520933390410252,-0.6520933390410252,-0.6520933390410252,-0.6520933390410252,-0.6520933390410252,-0.6520933390410252,-0.6520933390410252,-0.6520933390410252,-0.6520933390410252,0.6520933390410252,-0.6015207842098407,-0.5509482293786562,-0.5003756745474717,-0.44980311971628717,-0.3992305648851027,-0.3486580100539182,-0.2980854552227337,-0.24751290039154922,-0.19694034556036472,-0.14636779072918027,-0.09579523589799577,-0.045222681066811266,0.005349873764373236,0.05592242859555774,0.10649498342674224,0.15706753825792674,0.20764009308911124,0.25821264792029575,0.30878520275148025,0.35935775758266464,0.40993031241384925,0.46050286724503364,0.5110754220762183,0.5616479769074026,-0.6122205317385873,0.6122205317385873,0.6122205317385873,0.6122205317385873,0.6122205317385873,0.6122205317385873,0.6122205317385873,0.6122205317385873,0.6122205317385873,0.6122205317385873,0.6122205317385873,0.6122205317385873,0.6122205317385873,0.6122205317385873,0.6122205317385873,0.6122205317385873,0
-0.7073172577598829,-0.7073172577598829,-0.7073172577598829,-0.7073172577598829,-0.7073172577598829,-0.7073172577598829,-0.7073172577598829,-0.7073172577598829,-0.7073172577598829,-0.7073172577598829,-0.7073172577598829,-0.7073172577598829,-0.7073172577598829,-0.7073172577598829,-0.7073172577598829,0.7073172577598829,-0.6541908787257112,-0.6010644996915396,-0.547938120657368,-0.4948117416231964,-0.44168536258902485,-0.38855898355485324,-0.33543260452068163,-0.28230622548651,-0.2291798464523384,-0.17605346741816685,-0.12292708838399524,-0.06980070934982363,-0.01667433031565202,0.03645204871851959,0.0895784277526912,0.14270480678686281,0.19583118582103443,0.24895756485520604,0.30208394388937754,0.35521032292354915,0.40833670195772076,0.46146308099189237,0.514589460026064,0.5677158390602356,-0.6208422180944072,0.6208422180944072,0.6208422180944072,0.6208422180944072,0.6208422180944072,0.6208422180944072,0.6208422180944072,0.6208422180944072,0.6208422180944072,0.6208422180944072,0.6208422180944072,0.6208422180944072,0.6208422180944072,0.6208422180944072,0.6208422180944072,0.6208422180944072,0
-0.7239465648888611,-0.7239465648888611,-0.7239465648888611,-0.7239465648888611,-0.7239465648888611,-0.7239465648888611,-0.7239465648888611,-0.7239465648888611,-0.7239465648888611,-0.7239465648888611,-0.7239465648888611,-0.7239465648888611,-0.7239465648888611,-0.7239465648888611,-0.7239465648888611,0.7239465648888611,-0.6671197155668928,-0.6102928662449244,-0.5534660169229562,-0.4966391676009878,-0.43981231827901945,-0.3829854689570511,-0.3261586196350828,-0.26933177031311445,-0.21250492099114615,-0.1556780716691778,-0.09885122234720944,-0.04202437302524109,0.014802476296727263,0.0716293256186955,0.12845617494066386,0.1852830242626322,0.24210987358460057,0.2989367229065688,0.35576357222853716,0.4125904215505055,0.46941727087247387,0.5262441201944422,0.5830709695164106,0.6398978188383789,-0.6967246681603474,0.6967246681603474,0.6967246681603474,0.6967246681603474,0.6967246681603474,0.6967246681603474,0.6967246681603474,0.6967246681603474,0.6967246681603474,0.6967246681603474,0.6967246681603474,0.6967246681603474,0.6967246681603474,0.6967246681603474,0.6967246681603474,0.6967246681603474,0
-0.6122810114738303,-0.6122810114738303,-0.6122810114738303,-0.6122810114738303,-0.6122810114738303,-0.6122810114738303,-0.6122810114738303,-0.6122810114738303,-0.6122810114738303,-0.6122810114738303,-0.6122810114738303,-0.6122810114738303,-0.6122810114738303,-0.6122810114738303,-0.6122810114738303,0.6122810114738303,-0.5671176988395753,-0.5219543862053203,-0.4767910735710653,-0.4316277609368103,-0.38646444830255533,-0.34130113566830034,-0.29613782303404534,-0.25097451039979035,-0.20581119776553536,-0.16064788513128037,-0.11548457249702537,-0.07032125986277038,-0.025157947228515387,0.020005365405739606,0.0651686780399946,0.11033199067424959,0.15549530330850458,0.20065861594275958,0.24582192857701457,0.29098524121126956,0.33614855384552456,0.38131186647977955,0.42647517911403454,0.47163849174828953,-0.5168018043825445,0.5168018043825445,0.5168018043825445,0.5168018043825445,0.5168018043825445,0.5168018043825445,0.5168018043825445,0.5168018043825445,0.5168018043825445,0.5168018043825445,0.5168018043825445,0.5168018043825445,0.5168018043825445,0.5168018043825445,0.5168018043825445,0.5168018043825445,0
-0.619587677731129,-0.619587677731129,-0.619587677731129,-0.619587677731129,-0.619587677731129,-0.619587677731129,-0.619587677731129,-0.619587677731129,-0.619587677731129,-0.619587677731129,-0.619587677731129,-0.619587677731129,-0.619587677731129,-0.619587677731129,-0.619587677731129,0.619587677731129,-0.5719806086774242,-0.5243735396237195,-0.47676647057001464,-0.4291594015163099,-0.3815523324626051,-0.3339452634089003,-0.28633819435519553,-0.23873112530149077,-0.191124056247786,-0.14351698719408124,-0.09590991814037642,-0.048302849086671595,-0.0006957800329668862,0.046911289020737934,0.09451835807444264,0.14212542712814746,0.18973249618185228,0.237339565235557,0.2849466342892618,0.3325537033429665,0.38016077239667134,0.42776784145037616,0.47537491050408087,0.5229819795577858,-0.5705890486114905,0.5705890486114905,0.5705890486114905,0.5705890486114905,0.5705890486114905,0.5705890486114905,0.5705890486114905,0.5705890486114905,0.5705890486114905,0.5705890486114905,0.5705890486114905,0.5705890486114905,0.5705890486114905,0.5705890486114905,0.5705890486114905,0.5705890486114905,0
-0.773036100059739,-0.773036100059739,-0.773036100059739,-0.773036100059739,-0.773036100059739,-0.773036100059739,-0.773036100059739,-0.773036100059739,-0.773036100059739,-0.773036100059739,-0.773036100059739,-0.773036100059739,-0.773036100059739,-0.773036100059739,-0.773036100059739,0.773036100059739,-0.7141729976738396,-0.6553098952879403,-0.596446792902041,-0.5375836905161415,-0.47872058813024215,-0.4198574857443428,-0.3609943833584434,-0.30213128097254405,-0.24326817858664462,-0.1844050762007453,-0.125541973814846,-0.06667887142894657,-0.00781576904304715,0.051047333342852164,0.10991043572875148,0.1687735381146509,0.22763664050055032,0.28649974288644975,0.34536284527234895,0.4042259476582484,0.4630890500441478,0.521952152430047,0.5808152548159464,0.6396783572018458,-0.6985414595877454,0.6985414595877454,0.6985414595877454,0.6985414595877454,0.6985414595877454,0.6985414595877454,0.6985414595877454,0.6985414595877454,0.6985414595877454,0.6985414595877454,0.6985414595877454,0.6985414595877454,0.6985414595877454,0.6985414595877454,0.6985414595877454,0.6985414595877454,0
-0.6035088278170053,-0.6035088278170053,-0.6035088278170053,-0.6035088278170053,-0.6035088278170053,-0.6035088278170053,-0.6035088278170053,-0.6035088278170053,-0.6035088278170053,-0.6035088278170053,-0.6035088278170053,-0.6035088278170053,-0.6035088278170053,-0.6035088278170053,-0.6035088278170053,0.6035088278170053,-0.5549700283096076,-0.5064312288022099,-0.45789242929481216,-0.4093536297874144,-0.3608148302800167,-0.312276030772619,-0.26373723126522125,-0.21519843175782355,-0.16665963225042585,-0.11812083274302809,-0.06958203323563039,-0.02104323372823269,0.02749556577916501,0.07603436528656282,0.12457316479396052,0.17311196430135822,0.22165076380875592,0.2701895633161536,0.31872836282355144,0.36726716233094914,0.4158059618383467,0.46434476134574454,0.5128835608531424,0.5614223603605399,-0.6099611598679376,0.6099611598679376,0.6099611598679376,0.6099611598679376,0.6099611598679376,0.6099611598679376,0.6099611598679376,0.6099611598679376,0.6099611598679376,0.6099611598679376,0.6099611598679376,0.6099611598679376,0.6099611598679376,0.6099611598679376,0.6099611598679376,0.6099611598679376,0
-0.6185104387713718,-0.6185104387713718,-0.6185104387713718,-0.6185104387713718,-0.6185104387713718,-0.6185104387713718,-0.6185104387713718,-0.6185104387713718,-0.6185104387713718,-0.6185104387713718,-0.6185104387713718,-0.6185104387713718,-0.6185104387713718,-0.6185104387713718,-0.6185104387713718,0.6185104387713718,-0.5704552326634947,-0.5224000265556177,-0.47434482044774073,-0.4262896143398637,-0.3782344082319866,-0.3301792021241096,-0.2821239960162326,-0.23406878990835556,-0.1860135838004785,-0.1379583776926015,-0.0899031715847245,-0.04184796547684744,0.00620724063102962,0.05426244673890657,0.10231765284678362,0.15037285895466068,0.19842806506253774,0.2464832711704148,0.29453847727829174,0.3425936833861688,0.39064888949404586,0.4387040956019228,0.4867593017098,0.5348145078176769,-0.5828697139255538,0.5828697139255538,0.5828697139255538,0.5828697139255538,0.5828697139255538,0.5828697139255538,0.5828697139255538,0.5828697139255538,0.5828697139255538,0.5828697139255538,0.5828697139255538,0.5828697139255538,0.5828697139255538,0.5828697139255538,0.5828697139255538,0.5828697139255538,0
-0.6358517634091232,-0.6358517634091232,-0.6358517634091232,-0.6358517634091232,-0.6358517634091232,-0.6358517634091232,-0.6358517634091232,-0.6358517634091232,-0.6358517634091232,-0.6358517634091232,-0.6358517634091232,-0.6358517634091232,-0.6358517634091232,-0.6358517634091232,-0.6358517634091232,0.6358517634091232,-0.5855423800940729,-0.5352329967790226,-0.4849236134639722,-0.43461423014892187,-0.38430484683387156,-0.33399546351882126,-0.2836860802037709,-0.2333766968887206,-0.1830673135736703,-0.13275793025861993,-0.08244854694356962,-0.03213916362851932,0.018170219686530986,0.0684796030015814,0.1187889863166317,0.169098369631682,0.21940775294673232,0.2697171362617826,0.32002651957683304,0.37033590289188334,0.42064528620693364,0.47095466952198395,0.5212640528370343,0.5715734361520846,-0.6218828194671349,0.6218828194671349,0.6218828194671349,0.6218828194671349,0.6218828194671349,0.6218828194671349,0.6218828194671349,0.6218828194671349,0.6218828194671349,0.6218828194671349,0.6218828194671349,0.6218828194671349,0.6218828194671349,0.6218828194671349,0.6218828194671349,0.6218828194671349,0
-0.6716023739384113,-0.6716023739384113,-0.6716023739384113,-0.6716023739384113,-0.6716023739384113,-0.6716023739384113,-0.6716023739384113,-0.6716023739384113,-0.6716023739384113,-0.6716023739384113,-0.6716023739384113,-0.6716023739384113,-0.6716023739384113,-0.6716023739384113,-0.6716023739384113,0.6716023739384113,-0.6201306736394853,-0.5686589733405594,-0.5171872730416334,-0.4657155727427074,-0.41424387244378147,-0.36277217214485546,-0.3113004718459295,-0.25982877154700357,-0.20835707124807762,-0.15688537094915167,-0.10541367065022567,-0.05394197035129966,-0.0024702700523737686,0.049001430246552236,0.10047313054547813,0.15194483084440413,0.20341653114333014,0.25488823144225603,0.30635993174118203,0.3578316320401079,0.40930333233903393,0.46077503263795994,0.5122467329368859,0.5637184332358119,-0.6151901335347378,0.6151901335347378,0.6151901335347378,0.6151901335347378,0.6151901335347378,0.6151901335347378,0.6151901335347378,0.6151901335347378,0.6151901335347378,0.6151901335347378,0.6151901335347378,0.6151901335347378,0.6151901335347378,0.6151901335347378,0.6151901335347378,0.6151901335347378,0
-0.6196228857197871,-0.6196228857197871,-0.6196228857197871,-0.6196228857197871,-0.6196228857197871,-0.6196228857197871,-0.6196228857197871,-0.6196228857197871,-0.6196228857197871,-0.6196228857197871,-0.6196228857197871,-0.6196228857197871,-0.6196228857197871,-0.6196228857197871,-0.6196228857197871,0.6196228857197871,-0.5691084284486745,-0.5185939711775619,-0.46807951390644925,-0.41756505663533666,-0.3670505993642241,-0.31653614209311143,-0.26602168482199884,-0.21550722755088625,-0.16499277027977366,-0.11447831300866107,-0.06396385573754848,-0.01344939846643578,0.03706505880467681,0.0875795160757894,0.138093973346902,0.18860843061801458,0.23912288788912717,0.28963734516023976,0.34015180243135235,0.39066625970246494,0.44118071697357764,0.4916951742446901,0.5422096315158028,0.5927240887869155,-0.643238546058028,0.643238546058028,0.643238546058028,0.643238546058028,0.643238546058028,0.643238546058028,0.643238546058028,0.643238546058028,0.643238546058028,0.643238546058028,0.643238546058028,0.643238546058028,0.643238546058028,0.643238546058028,0.643238546058028,0.643238546058028,0
-0.5940825488465964,-0.5940825488465964,-0.5940825488465964,-0.5940825488465964,-0.5940825488465964,-0.5940825488465964,-0.5940825488465964,-0.5940825488465964,-0.5940825488465964,-0.5940825488465964,-0.5940825488465964,-0.5940825488465964,-0.5940825488465964,-0.5940825488465964,-0.5940825488465964,0.5940825488465964,-0.5417030770012066,-0.4893236051558168,-0.43694413331042703,-0.3845646614650372,-0.3321851896196474,-0.2798057177742576,-0.22742624592886784,-0.17504677408347802,-0.1226673022380882,-0.07028783039269837,-0.017908358547308656,0.03447111329808117,0.08685058514347099,0.1392300569888607,0.19160952883425053,0.24398900067964036,0.2963684725250302,0.34874794437042,0.4011274162158097,0.45350688806119965,0.5058863599065893,0.5582658317519791,0.6106453035973689,0.6630247754427587,-0.7154042472881487,0.7154042472881487,0.7154042472881487,0.7154042472881487,0.7154042472881487,0.7154042472881487,0.7154042472881487,0.7154042472881487,0.7154042472881487,0.7154042472881487,0.7154042472881487,0.7154042472881487,0.7154042472881487,0.7154042472881487,0.7154042472881487,0.7154042472881487,0
-0.7101855858157188,-0.7101855858157188,-0.7101855858157188,-0.7101855858157188,-0.7101855858157188,-0.7101855858157188,-0.7101855858157188,-0.7101855858157188,-0.7101855858157188,-0.7101855858157188,-0.7101855858157188,-0.7101855858157188,-0.7101855858157188,-0.7101855858157188,-0.7101855858157188,0.7101855858157188,-0.6511321801146583,-0.5920787744135979,-0.5330253687125375,-0.47397196301147704,-0.41491855731041666,-0.3558651516093562,-0.2968117459082958,-0.23775834020723535,-0.17870493450617497,-0.11965152880511454,-0.0605981231040541,-0.0015447174029936672,0.05750868829806677,0.1165620939991272,0.17561549970018764,0.23466890540124807,0.2937223111023085,0.35277571680336883,0.4118291225044294,0.4708825282054897,0.5299359339065502,0.5889893396076106,0.6480427453086711,0.7070961510097314,-0.7661495567107921,0.7661495567107921,0.7661495567107921,0.7661495567107921,0.7661495567107921,0.7661495567107921,0.7661495567107921,0.7661495567107921,0.7661495567107921,0.7661495567107921,0.7661495567107921,0.7661495567107921,0.7661495567107921,0.7661495567107921,0.7661495567107921,0.7661495567107921,0
-0.6843202841605677,-0.6843202841605677,-0.6843202841605677,-0.6843202841605677,-0.6843202841605677,-0.6843202841605677,-0.6843202841605677,-0.6843202841605677,-0.6843202841605677,-0.6843202841605677,-0.6843202841605677,-0.6843202841605677,-0.6843202841605677,-0.6843202841605677,-0.6843202841605677,0.6843202841605677,-0.6341545243744904,-0.5839887645884132,-0.5338230048023359,-0.4836572450162587,-0.43349148523018144,-0.38332572544410415,-0.3331599656580269,-0.2829942058719497,-0.23282844608587244,-0.1826626862997952,-0.13249692651371792,-0.08233116672764063,-0.032165406941563446,0.018000352844513845,0.06816611263059102,0.11833187241666832,0.1684976322027456,0.2186633919888228,0.2688291517749001,0.31899491156097726,0.36916067134705466,0.41932643113313184,0.469492190919209,0.5196579507052864,-0.5698237104913636,0.5698237104913636,0.5698237104913636,0.5698237104913636,0.5698237104913636,0.5698237104913636,0.5698237104913636,0.5698237104913636,0.5698237104913636,0.5698237104913636,0.5698237104913636,0.5698237104913636,0.5698237104913636,0.5698237104913636,0.5698237104913636,0.5698237104913636,0
-0.5723054271368134,-0.5723054271368134,-0.5723054271368134,-0.5723054271368134,-0.5723054271368134,-0.5723054271368134,-0.5723054271368134,-0.5723054271368134,-0.5723054271368134,-0.5723054271368134,-0.5723054271368134,-0.5723054271368134,-0.5723054271368134,-0.5723054271368134,-0.5723054271368134,0.5723054271368134,-0.5257987050712789,-0.4792919830057444,-0.4327852609402098,-0.3862785388746753,-0.33977181680914076,-0.2932650947436062,-0.24675837267807166,-0.20025165061253714,-0.1537449285470026,-0.10723820648146809,-0.06073148441593357,-0.014224762350398934,0.03228195971513559,0.07878868178067011,0.12529540384620463,0.17180212591173916,0.21830884797727368,0.2648155700428082,0.3113222921083427,0.35782901417387725,0.4043357362394119,0.4508424583049463,0.4973491803704809,0.5438559024360156,-0.5903626245015501,0.5903626245015501,0.5903626245015501,0.5903626245015501,0.5903626245015501,0.5903626245015501,0.5903626245015501,0.5903626245015501,0.5903626245015501,0.5903626245015501,0.5903626245015501,0.5903626245015501,0.5903626245015501,0.5903626245015501,0.5903626245015501,0.5903626245015501,0
